epoch;dcsnOutput_loss;dcsnOutput_mse;loss;photonNoiseOutput_loss;photonNoiseOutput_mse;readoutNoiseOutput_loss;readoutNoiseOutput_mse;residualNoiseOutput_loss;residualNoiseOutput_mse;val_dcsnOutput_loss;val_dcsnOutput_mse;val_loss;val_photonNoiseOutput_loss;val_photonNoiseOutput_mse;val_readoutNoiseOutput_loss;val_readoutNoiseOutput_mse;val_residualNoiseOutput_loss;val_residualNoiseOutput_mse
0;0.00025355941033922136;0.00025355941033922136;0.0009268587455153465;0.00010154621850233525;0.00010154621850233525;0.0005544721498154104;0.0005544721498154104;1.7280692190979607e-05;1.7280692190979607e-05;0.00010742093581939116;0.00010742093581939116;0.00032161438139155507;4.309410724090412e-05;4.309410724090412e-05;0.00016619486268609762;0.00016619486268609762;4.904515662929043e-06;4.904515662929043e-06
1;0.00013783371832687408;0.00013783371832687408;0.00047064092359505594;3.442601882852614e-05;3.442601882852614e-05;0.00029523338889703155;0.00029523338889703155;3.1478068649448687e-06;3.1478068649448687e-06;0.00010929720883723348;0.00010929720883723348;0.00030175020219758153;4.6483146434184164e-05;4.6483146434184164e-05;0.0001440791820641607;0.0001440791820641607;1.8906908962890157e-06;1.8906908962890157e-06
